program,language,run,epoch_start_ns,epoch_end_ns,duration_ms
01_fib_recursive,c,1,1783701684238569517,1783701684242707059,4.138
01_fib_recursive,c,2,1783701684242714210,1783701684246885948,4.172
01_fib_recursive,c,3,1783701684246891799,1783701684250931800,4.040
01_fib_recursive,c,4,1783701684250936060,1783701684255630426,4.694
01_fib_recursive,c,5,1783701684255634447,1783701684259432429,3.798
01_fib_recursive,c,6,1783701684259437073,1783701684269408203,9.971
01_fib_recursive,c,7,1783701684269412198,1783701684273603148,4.191
01_fib_recursive,c,8,1783701684273609347,1783701684277661901,4.053
01_fib_recursive,c,9,1783701684277667465,1783701684281774150,4.107
01_fib_recursive,c,10,1783701684281778469,1783701684285824612,4.046
01_fib_recursive,cpp,1,1783701684296946925,1783701684302438680,5.492
01_fib_recursive,cpp,2,1783701684302444159,1783701684307658902,5.215
01_fib_recursive,cpp,3,1783701684307663097,1783701684318174652,10.512
01_fib_recursive,cpp,4,1783701684318178713,1783701684323261534,5.083
01_fib_recursive,cpp,5,1783701684323266049,1783701684337137336,13.871
01_fib_recursive,cpp,6,1783701684337142017,1783701684342249714,5.108
01_fib_recursive,cpp,7,1783701684342254913,1783701684350777505,8.523
01_fib_recursive,cpp,8,1783701684350781829,1783701684356126448,5.345
01_fib_recursive,cpp,9,1783701684356130903,1783701684361176515,5.046
01_fib_recursive,cpp,10,1783701684361181289,1783701684370895460,9.714
01_fib_recursive,salam_llvm,1,1783701684376337587,1783701684381120905,4.783
01_fib_recursive,salam_llvm,2,1783701684381125120,1783701684391157539,10.032
01_fib_recursive,salam_llvm,3,1783701684391166709,1783701684396256819,5.090
01_fib_recursive,salam_llvm,4,1783701684396261178,1783701684405214640,8.953
01_fib_recursive,salam_llvm,5,1783701684405219914,1783701684411592043,6.372
01_fib_recursive,salam_llvm,6,1783701684411596718,1783701684416348105,4.751
01_fib_recursive,salam_llvm,7,1783701684416352070,1783701684448328645,31.977
01_fib_recursive,salam_llvm,8,1783701684448333296,1783701684453613121,5.280
01_fib_recursive,salam_llvm,9,1783701684453617903,1783701684458701058,5.083
01_fib_recursive,salam_llvm,10,1783701684458705977,1783701684468185470,9.479
01_fib_recursive,salam_gcc,1,1783701684472776708,1783701684477302741,4.526
01_fib_recursive,salam_gcc,2,1783701684477307483,1783701684484743337,7.436
01_fib_recursive,salam_gcc,3,1783701684484747961,1783701684489024168,4.276
01_fib_recursive,salam_gcc,4,1783701684489028419,1783701684504807270,15.779
01_fib_recursive,salam_gcc,5,1783701684504811657,1783701684509294565,4.483
01_fib_recursive,salam_gcc,6,1783701684509298959,1783701684513766668,4.468
01_fib_recursive,salam_gcc,7,1783701684513771307,1783701684518082449,4.311
01_fib_recursive,salam_gcc,8,1783701684518086875,1783701684527002476,8.916
01_fib_recursive,salam_gcc,9,1783701684527029371,1783701684531000300,3.971
01_fib_recursive,salam_gcc,10,1783701684531005935,1783701684535420547,4.415
01_fib_recursive,salam_tcc,1,1783701684564330492,1783701684586135448,21.805
01_fib_recursive,salam_tcc,2,1783701684586140368,1783701684606300266,20.160
01_fib_recursive,salam_tcc,3,1783701684606304810,1783701684636852389,30.548
01_fib_recursive,salam_tcc,4,1783701684636856802,1783701684657546374,20.690
01_fib_recursive,salam_tcc,5,1783701684657553931,1783701684686898316,29.344
01_fib_recursive,salam_tcc,6,1783701684686903228,1783701684708839559,21.936
01_fib_recursive,salam_tcc,7,1783701684708843803,1783701684733770247,24.926
01_fib_recursive,salam_tcc,8,1783701684733775188,1783701684744690363,10.915
01_fib_recursive,salam_tcc,9,1783701684744694623,1783701684764937008,20.242
01_fib_recursive,salam_tcc,10,1783701684764941522,1783701684786199638,21.258
01_fib_recursive,php,1,1783701684936301689,1783701685085953376,149.652
01_fib_recursive,php,2,1783701685085957789,1783701685223414787,137.457
01_fib_recursive,php,3,1783701685223419562,1783701685369629632,146.210
01_fib_recursive,php,4,1783701685369637086,1783701685534993372,165.356
01_fib_recursive,php,5,1783701685534997724,1783701685650851380,115.854
01_fib_recursive,php,6,1783701685650855961,1783701685785092502,134.237
01_fib_recursive,php,7,1783701685785097403,1783701685893707120,108.610
01_fib_recursive,php,8,1783701685893711736,1783701685995791536,102.080
01_fib_recursive,php,9,1783701685995804941,1783701686102391695,106.587
01_fib_recursive,php,10,1783701686102397129,1783701686217338524,114.941
01_fib_recursive,python,1,1783701686599273233,1783701686840906954,241.634
01_fib_recursive,python,2,1783701686840911420,1783701687129223092,288.312
01_fib_recursive,python,3,1783701687129227594,1783701687482989717,353.762
01_fib_recursive,python,4,1783701687482994901,1783701687877522602,394.528
01_fib_recursive,python,5,1783701687877527461,1783701688196907594,319.380
01_fib_recursive,python,6,1783701688196912984,1783701688608813993,411.901
01_fib_recursive,python,7,1783701688608818877,1783701689076190239,467.371
01_fib_recursive,python,8,1783701689076194837,1783701689557822748,481.628
01_fib_recursive,python,9,1783701689557827233,1783701690040787355,482.960
01_fib_recursive,python,10,1783701690040792375,1783701690472163918,431.372
02_fib_iterative,c,1,1783701746458210208,1783701746542553897,84.344
02_fib_iterative,c,2,1783701746542560571,1783701746613922156,71.362
02_fib_iterative,c,3,1783701746613926543,1783701746685544241,71.618
02_fib_iterative,c,4,1783701746685549996,1783701746756554797,71.005
02_fib_iterative,c,5,1783701746756558443,1783701746827318431,70.760
02_fib_iterative,c,6,1783701746827323435,1783701746896964956,69.642
02_fib_iterative,c,7,1783701746896969164,1783701746964319471,67.350
02_fib_iterative,c,8,1783701746964323171,1783701747022243855,57.921
02_fib_iterative,c,9,1783701747022247659,1783701747091558208,69.311
02_fib_iterative,c,10,1783701747091563187,1783701747158042166,66.479
02_fib_iterative,cpp,1,1783701747217619576,1783701747285215569,67.596
02_fib_iterative,cpp,2,1783701747285220668,1783701747345672967,60.452
02_fib_iterative,cpp,3,1783701747345677108,1783701747432033248,86.356
02_fib_iterative,cpp,4,1783701747432038841,1783701747508322107,76.283
02_fib_iterative,cpp,5,1783701747508328752,1783701747577426850,69.098
02_fib_iterative,cpp,6,1783701747577431170,1783701747648475350,71.044
02_fib_iterative,cpp,7,1783701747648505423,1783701747707777733,59.272
02_fib_iterative,cpp,8,1783701747707782194,1783701747796369444,88.587
02_fib_iterative,cpp,9,1783701747796373672,1783701747865438284,69.065
02_fib_iterative,cpp,10,1783701747865443080,1783701747935444906,70.002
02_fib_iterative,salam_llvm,1,1783701748014225585,1783701748083728380,69.503
02_fib_iterative,salam_llvm,2,1783701748083733021,1783701748154181111,70.448
02_fib_iterative,salam_llvm,3,1783701748154187273,1783701748223830982,69.644
02_fib_iterative,salam_llvm,4,1783701748223836082,1783701748324774602,100.939
02_fib_iterative,salam_llvm,5,1783701748324782963,1783701748383029269,58.246
02_fib_iterative,salam_llvm,6,1783701748383033598,1783701748443251059,60.217
02_fib_iterative,salam_llvm,7,1783701748443255111,1783701748512702547,69.447
02_fib_iterative,salam_llvm,8,1783701748512707074,1783701748585014943,72.308
02_fib_iterative,salam_llvm,9,1783701748585035897,1783701748654243061,69.207
02_fib_iterative,salam_llvm,10,1783701748654247808,1783701748726994600,72.747
02_fib_iterative,salam_gcc,1,1783701748786059264,1783701748855542731,69.483
02_fib_iterative,salam_gcc,2,1783701748855547524,1783701748927177228,71.630
02_fib_iterative,salam_gcc,3,1783701748927181131,1783701748995825748,68.645
02_fib_iterative,salam_gcc,4,1783701748995830290,1783701749054256243,58.426
02_fib_iterative,salam_gcc,5,1783701749054260835,1783701749112175497,57.915
02_fib_iterative,salam_gcc,6,1783701749112179385,1783701749179434218,67.255
02_fib_iterative,salam_gcc,7,1783701749179438265,1783701749246411253,66.973
02_fib_iterative,salam_gcc,8,1783701749246417681,1783701749316030902,69.613
02_fib_iterative,salam_gcc,9,1783701749316035650,1783701749382703090,66.667
02_fib_iterative,salam_gcc,10,1783701749382707821,1783701749451071617,68.364
02_fib_iterative,salam_tcc,1,1783701749547747916,1783701749648921990,101.174
02_fib_iterative,salam_tcc,2,1783701749648926318,1783701749748690431,99.764
02_fib_iterative,salam_tcc,3,1783701749748695177,1783701749836395137,87.700
02_fib_iterative,salam_tcc,4,1783701749836399585,1783701749937093376,100.694
02_fib_iterative,salam_tcc,5,1783701749937097340,1783701750038338644,101.241
02_fib_iterative,salam_tcc,6,1783701750038343560,1783701750140907053,102.563
02_fib_iterative,salam_tcc,7,1783701750140911346,1783701750243121432,102.210
02_fib_iterative,salam_tcc,8,1783701750243126006,1783701750345151405,102.025
02_fib_iterative,salam_tcc,9,1783701750345155798,1783701750446860782,101.705
02_fib_iterative,salam_tcc,10,1783701750446865452,1783701750549663269,102.798
02_fib_iterative,php,1,1783701750841640138,1783701751114565351,272.925
02_fib_iterative,php,2,1783701751114569454,1783701751389547955,274.979
02_fib_iterative,php,3,1783701751389552411,1783701751665195849,275.643
02_fib_iterative,php,4,1783701751665200260,1783701751934581653,269.381
02_fib_iterative,php,5,1783701751934586090,1783701752212097405,277.511
02_fib_iterative,php,6,1783701752212102077,1783701752499278195,287.176
02_fib_iterative,php,7,1783701752499282617,1783701752763074311,263.792
02_fib_iterative,php,8,1783701752763078650,1783701753239855717,476.777
02_fib_iterative,php,9,1783701753239859730,1783701753569441187,329.581
02_fib_iterative,php,10,1783701753569447825,1783701753860090377,290.643
02_fib_iterative,python,1,1783701756278699206,1783701759015611228,2736.912
02_fib_iterative,python,2,1783701759015617217,1783701761685473453,2669.856
02_fib_iterative,python,3,1783701761685478984,1783701763960819245,2275.340
02_fib_iterative,python,4,1783701763960824596,1783701766242388803,2281.564
02_fib_iterative,python,5,1783701766242393546,1783701768604185765,2361.792
02_fib_iterative,python,6,1783701768604191530,1783701770899989989,2295.798
02_fib_iterative,python,7,1783701770899995672,1783701773261736585,2361.741
02_fib_iterative,python,8,1783701773261741352,1783701775574783670,2313.042
02_fib_iterative,python,9,1783701775574788440,1783701777780288603,2205.500
02_fib_iterative,python,10,1783701777780294636,1783701780192282532,2411.988
03_primes_count,c,1,1783701839904551818,1783701839912242343,7.691
03_primes_count,c,2,1783701839912247083,1783701839921782089,9.535
03_primes_count,c,3,1783701839921789496,1783701839929610806,7.821
03_primes_count,c,4,1783701839929615494,1783701839938481323,8.866
03_primes_count,c,5,1783701839938485343,1783701839946279000,7.794
03_primes_count,c,6,1783701839946283469,1783701839964215418,17.932
03_primes_count,c,7,1783701839964221245,1783701839979120857,14.900
03_primes_count,c,8,1783701839979125173,1783701839996085412,16.960
03_primes_count,c,9,1783701839996089858,1783701840003858917,7.769
03_primes_count,c,10,1783701840003863566,1783701840012757797,8.894
03_primes_count,cpp,1,1783701840040400274,1783701840059035314,18.635
03_primes_count,cpp,2,1783701840059039734,1783701840067875181,8.835
03_primes_count,cpp,3,1783701840067879664,1783701840099299251,31.420
03_primes_count,cpp,4,1783701840099303535,1783701840108460904,9.157
03_primes_count,cpp,5,1783701840108465239,1783701840127000259,18.535
03_primes_count,cpp,6,1783701840127005033,1783701840135427059,8.422
03_primes_count,cpp,7,1783701840135432266,1783701840155082176,19.650
03_primes_count,cpp,8,1783701840155086721,1783701840166511390,11.425
03_primes_count,cpp,9,1783701840166516257,1783701840175142034,8.626
03_primes_count,cpp,10,1783701840175146877,1783701840184804493,9.658
03_primes_count,salam_llvm,1,1783701840200510991,1783701840205903988,5.393
03_primes_count,salam_llvm,2,1783701840205908224,1783701840213140932,7.233
03_primes_count,salam_llvm,3,1783701840213144838,1783701840222437312,9.292
03_primes_count,salam_llvm,4,1783701840222445324,1783701840228568355,6.123
03_primes_count,salam_llvm,5,1783701840228572887,1783701840234314755,5.742
03_primes_count,salam_llvm,6,1783701840234319458,1783701840240171311,5.852
03_primes_count,salam_llvm,7,1783701840240176504,1783701840249337944,9.161
03_primes_count,salam_llvm,8,1783701840249342850,1783701840255285462,5.943
03_primes_count,salam_llvm,9,1783701840255290007,1783701840264889397,9.599
03_primes_count,salam_llvm,10,1783701840264893990,1783701840271170756,6.277
03_primes_count,salam_gcc,1,1783701840292434798,1783701840301189469,8.755
03_primes_count,salam_gcc,2,1783701840301195464,1783701840310240270,9.045
03_primes_count,salam_gcc,3,1783701840310244853,1783701840318092595,7.848
03_primes_count,salam_gcc,4,1783701840318097276,1783701840339594144,21.497
03_primes_count,salam_gcc,5,1783701840339598740,1783701840347310634,7.712
03_primes_count,salam_gcc,6,1783701840347316356,1783701840357017241,9.701
03_primes_count,salam_gcc,7,1783701840357021460,1783701840374981100,17.960
03_primes_count,salam_gcc,8,1783701840374985595,1783701840393353101,18.368
03_primes_count,salam_gcc,9,1783701840393357135,1783701840403795305,10.438
03_primes_count,salam_gcc,10,1783701840403801362,1783701840412136344,8.335
03_primes_count,salam_tcc,1,1783701840429690754,1783701840438360233,8.669
03_primes_count,salam_tcc,2,1783701840438364524,1783701840446425410,8.061
03_primes_count,salam_tcc,3,1783701840446429873,1783701840465828308,19.398
03_primes_count,salam_tcc,4,1783701840465832503,1783701840474657708,8.825
03_primes_count,salam_tcc,5,1783701840474662363,1783701840484035720,9.373
03_primes_count,salam_tcc,6,1783701840484041016,1783701840503111752,19.071
03_primes_count,salam_tcc,7,1783701840503115944,1783701840521908157,18.792
03_primes_count,salam_tcc,8,1783701840521912380,1783701840530550430,8.638
03_primes_count,salam_tcc,9,1783701840530554712,1783701840540794630,10.240
03_primes_count,salam_tcc,10,1783701840540799461,1783701840557564886,16.765
03_primes_count,php,1,1783701840643664161,1783701840730197520,86.533
03_primes_count,php,2,1783701840730202247,1783701840828057753,97.856
03_primes_count,php,3,1783701840828062375,1783701840917547618,89.485
03_primes_count,php,4,1783701840917552391,1783701841015885774,98.333
03_primes_count,php,5,1783701841015890782,1783701841101714772,85.824
03_primes_count,php,6,1783701841101720669,1783701841190045237,88.325
03_primes_count,php,7,1783701841190050298,1783701841285702059,95.652
03_primes_count,php,8,1783701841285706912,1783701841378127254,92.420
03_primes_count,php,9,1783701841378132189,1783701841465337056,87.205
03_primes_count,php,10,1783701841465341843,1783701841551775495,86.434
03_primes_count,python,1,1783701842226836485,1783701842857888599,631.052
03_primes_count,python,2,1783701842857893092,1783701843489535435,631.642
03_primes_count,python,3,1783701843489539558,1783701844163845969,674.306
03_primes_count,python,4,1783701844163850156,1783701844851084225,687.234
03_primes_count,python,5,1783701844851089000,1783701845580789667,729.701
03_primes_count,python,6,1783701845580794501,1783701846317958573,737.164
03_primes_count,python,7,1783701846317964690,1783701846970790146,652.825
03_primes_count,python,8,1783701846970797173,1783701847651120928,680.324
03_primes_count,python,9,1783701847651126303,1783701848250642755,599.516
03_primes_count,python,10,1783701848250646840,1783701848865429290,614.782
04_collatz,c,1,1783701925320271445,1783701925329326749,9.055
04_collatz,c,2,1783701925329332844,1783701925356641573,27.309
04_collatz,c,3,1783701925356646809,1783701925365690853,9.044
04_collatz,c,4,1783701925365694855,1783701925374729612,9.035
04_collatz,c,5,1783701925374733939,1783701925391357490,16.624
04_collatz,c,6,1783701925391361782,1783701925399919865,8.558
04_collatz,c,7,1783701925399924904,1783701925418114772,18.190
04_collatz,c,8,1783701925418118980,1783701925426686241,8.567
04_collatz,c,9,1783701925426690466,1783701925436273955,9.583
04_collatz,c,10,1783701925436278422,1783701925444809039,8.531
04_collatz,cpp,1,1783701925486662696,1783701925500196132,13.533
04_collatz,cpp,2,1783701925500202351,1783701925510518836,10.316
04_collatz,cpp,3,1783701925510523972,1783701925529555511,19.032
04_collatz,cpp,4,1783701925529559716,1783701925547900287,18.341
04_collatz,cpp,5,1783701925547904539,1783701925557663534,9.759
04_collatz,cpp,6,1783701925557668220,1783701925567143892,9.476
04_collatz,cpp,7,1783701925567150151,1783701925588294826,21.145
04_collatz,cpp,8,1783701925588299145,1783701925606961664,18.663
04_collatz,cpp,9,1783701925606966620,1783701925616470475,9.504
04_collatz,cpp,10,1783701925616477040,1783701925626775617,10.299
04_collatz,salam_llvm,1,1783701925633747694,1783701925642605294,8.858
04_collatz,salam_llvm,2,1783701925642610154,1783701925650698141,8.088
04_collatz,salam_llvm,3,1783701925650702787,1783701925659715205,9.012
04_collatz,salam_llvm,4,1783701925659720091,1783701925666598827,6.879
04_collatz,salam_llvm,5,1783701925666604544,1783701925676707443,10.103
04_collatz,salam_llvm,6,1783701925676712689,1783701925683339117,6.626
04_collatz,salam_llvm,7,1783701925683343098,1783701925692222633,8.880
04_collatz,salam_llvm,8,1783701925692226775,1783701925698805805,6.579
04_collatz,salam_llvm,9,1783701925698810890,1783701925707781133,8.970
04_collatz,salam_llvm,10,1783701925707785709,1783701925715664099,7.878
04_collatz,salam_gcc,1,1783701925743262664,1783701925751730726,8.468
04_collatz,salam_gcc,2,1783701925751734749,1783701925762033818,10.299
04_collatz,salam_gcc,3,1783701925762038767,1783701925770391992,8.353
04_collatz,salam_gcc,4,1783701925770425354,1783701925789825235,19.400
04_collatz,salam_gcc,5,1783701925789829812,1783701925807496163,17.666
04_collatz,salam_gcc,6,1783701925807500800,1783701925815797244,8.296
04_collatz,salam_gcc,7,1783701925815802370,1783701925825883470,10.081
04_collatz,salam_gcc,8,1783701925825887636,1783701925833863545,7.976
04_collatz,salam_gcc,9,1783701925833868222,1783701925843428231,9.560
04_collatz,salam_gcc,10,1783701925843431901,1783701925862358848,18.927
04_collatz,salam_tcc,1,1783701925935514090,1783701926005585952,70.072
04_collatz,salam_tcc,2,1783701926005590183,1783701926076217829,70.628
04_collatz,salam_tcc,3,1783701926076222822,1783701926134748017,58.525
04_collatz,salam_tcc,4,1783701926134751541,1783701926204784852,70.033
04_collatz,salam_tcc,5,1783701926204789057,1783701926264799455,60.010
04_collatz,salam_tcc,6,1783701926264803887,1783701926321827636,57.024
04_collatz,salam_tcc,7,1783701926321831624,1783701926377636756,55.805
04_collatz,salam_tcc,8,1783701926377640658,1783701926442193540,64.553
04_collatz,salam_tcc,9,1783701926442197140,1783701926509222036,67.025
04_collatz,salam_tcc,10,1783701926509249251,1783701926576478792,67.230
04_collatz,php,1,1783701926787349171,1783701927027690802,240.342
04_collatz,php,2,1783701927027695380,1783701927269784301,242.089
04_collatz,php,3,1783701927269789498,1783701927539972840,270.183
04_collatz,php,4,1783701927539977140,1783701927801384004,261.407
04_collatz,php,5,1783701927801388546,1783701928060217847,258.829
04_collatz,php,6,1783701928060222638,1783701928305963260,245.741
04_collatz,php,7,1783701928305968120,1783701928580258005,274.290
04_collatz,php,8,1783701928580262405,1783701928842441574,262.179
04_collatz,php,9,1783701928842445554,1783701929110181746,267.736
04_collatz,php,10,1783701929110186941,1783701929375535082,265.348
04_collatz,python,1,1783701930879854736,1783701932436892734,1557.038
04_collatz,python,2,1783701932436898675,1783701934020399755,1583.501
04_collatz,python,3,1783701934020405763,1783701935719605134,1699.199
04_collatz,python,4,1783701935719611117,1783701937078889912,1359.279
04_collatz,python,5,1783701937078898789,1783701938474821834,1395.923
04_collatz,python,6,1783701938474827739,1783701939926297260,1451.470
04_collatz,python,7,1783701939926303575,1783701941476475364,1550.172
04_collatz,python,8,1783701941476529406,1783701942927812115,1451.283
04_collatz,python,9,1783701942927817654,1783701944362032966,1434.215
04_collatz,python,10,1783701944362038933,1783701945739750027,1377.711
05_sum_mod,c,1,1783701963612710573,1783701963669941692,57.231
05_sum_mod,c,2,1783701963669946640,1783701963721060016,51.113
05_sum_mod,c,3,1783701963721066264,1783701963773127226,52.061
05_sum_mod,c,4,1783701963773133535,1783701963806259053,33.126
05_sum_mod,c,5,1783701963806264247,1783701963861242413,54.978
05_sum_mod,c,6,1783701963861247323,1783701964005505502,144.258
05_sum_mod,c,7,1783701964005509360,1783701964056189113,50.680
05_sum_mod,c,8,1783701964056193534,1783701964100013928,43.820
05_sum_mod,c,9,1783701964100018469,1783701964139965154,39.947
05_sum_mod,c,10,1783701964139970073,1783701964191870366,51.900
05_sum_mod,cpp,1,1783701964233045319,1783701964296243856,63.199
05_sum_mod,cpp,2,1783701964296253207,1783701964339644319,43.391
05_sum_mod,cpp,3,1783701964339648172,1783701964385977043,46.329
05_sum_mod,cpp,4,1783701964385986002,1783701964425937917,39.952
05_sum_mod,cpp,5,1783701964425982646,1783701964466106123,40.123
05_sum_mod,cpp,6,1783701964466110652,1783701964505595625,39.485
05_sum_mod,cpp,7,1783701964505599612,1783701964547837318,42.238
05_sum_mod,cpp,8,1783701964547841477,1783701964586173866,38.332
05_sum_mod,cpp,9,1783701964586178844,1783701964624727017,38.548
05_sum_mod,cpp,10,1783701964624732499,1783701964669540886,44.808
05_sum_mod,salam_llvm,1,1783701964718442912,1783701964770527458,52.085
05_sum_mod,salam_llvm,2,1783701964770531530,1783701964820064962,49.533
05_sum_mod,salam_llvm,3,1783701964820068968,1783701964864971885,44.903
05_sum_mod,salam_llvm,4,1783701964864976502,1783701964918578477,53.602
05_sum_mod,salam_llvm,5,1783701964918584157,1783701964967129575,48.545
05_sum_mod,salam_llvm,6,1783701964967134173,1783701965007372709,40.239
05_sum_mod,salam_llvm,7,1783701965007376670,1783701965047890490,40.514
05_sum_mod,salam_llvm,8,1783701965047894275,1783701965093226608,45.332
05_sum_mod,salam_llvm,9,1783701965093231909,1783701965143351187,50.119
05_sum_mod,salam_llvm,10,1783701965143355391,1783701965191987351,48.632
05_sum_mod,salam_gcc,1,1783701965239651951,1783701965278900256,39.248
05_sum_mod,salam_gcc,2,1783701965278904603,1783701965317440685,38.536
05_sum_mod,salam_gcc,3,1783701965317445026,1783701965354879218,37.434
05_sum_mod,salam_gcc,4,1783701965354883498,1783701965393133908,38.250
05_sum_mod,salam_gcc,5,1783701965393138326,1783701965432106316,38.968
05_sum_mod,salam_gcc,6,1783701965432113240,1783701965473193700,41.080
05_sum_mod,salam_gcc,7,1783701965473198376,1783701965512055937,38.858
05_sum_mod,salam_gcc,8,1783701965512061191,1783701965552586616,40.525
05_sum_mod,salam_gcc,9,1783701965552590916,1783701965615658569,63.068
05_sum_mod,salam_gcc,10,1783701965615663430,1783701965655280268,39.617
05_sum_mod,salam_tcc,1,1783701965820027754,1783701965915505207,95.477
05_sum_mod,salam_tcc,2,1783701965915509604,1783701965984951649,69.442
05_sum_mod,salam_tcc,3,1783701965984956309,1783701966063801056,78.845
05_sum_mod,salam_tcc,4,1783701966063805835,1783701966133336767,69.531
05_sum_mod,salam_tcc,5,1783701966133342238,1783701966204000656,70.658
05_sum_mod,salam_tcc,6,1783701966204004970,1783701966266144814,62.140
05_sum_mod,salam_tcc,7,1783701966266149455,1783701966330684821,64.535
05_sum_mod,salam_tcc,8,1783701966330689253,1783701966399327910,68.639
05_sum_mod,salam_tcc,9,1783701966399332102,1783701966478975971,79.644
05_sum_mod,salam_tcc,10,1783701966478980843,1783701966554992287,76.011
05_sum_mod,php,1,1783701966709784195,1783701966868265717,158.482
05_sum_mod,php,2,1783701966868270779,1783701967021702176,153.431
05_sum_mod,php,3,1783701967021707260,1783701967201081929,179.375
05_sum_mod,php,4,1783701967201085969,1783701967345715912,144.630
05_sum_mod,php,5,1783701967345720888,1783701967607444820,261.724
05_sum_mod,php,6,1783701967607452284,1783701967767427401,159.975
05_sum_mod,php,7,1783701967767432993,1783701967919672304,152.239
05_sum_mod,php,8,1783701967919677278,1783701968082789255,163.112
05_sum_mod,php,9,1783701968082794386,1783701968234386075,151.592
05_sum_mod,php,10,1783701968234390902,1783701968398986461,164.596
05_sum_mod,python,1,1783701970106130960,1783701971961120842,1854.990
05_sum_mod,python,2,1783701971961126831,1783701973573426830,1612.300
05_sum_mod,python,3,1783701973573432025,1783701975051112479,1477.680
05_sum_mod,python,4,1783701975051144351,1783701976554794640,1503.650
05_sum_mod,python,5,1783701976554799656,1783701978081520120,1526.720
05_sum_mod,python,6,1783701978081525977,1783701979843652974,1762.127
05_sum_mod,python,7,1783701979843658767,1783701981317717397,1474.059
05_sum_mod,python,8,1783701981317756543,1783701982628483266,1310.727
05_sum_mod,python,9,1783701982628488344,1783701983841076524,1212.588
05_sum_mod,python,10,1783701983841081900,1783701985048225839,1207.144
06_gcd_sum,c,1,1783701997925951226,1783701998004939630,78.988
06_gcd_sum,c,2,1783701998004943649,1783701998086261721,81.318
06_gcd_sum,c,3,1783701998086265565,1783701998150949000,64.683
06_gcd_sum,c,4,1783701998150952568,1783701998191862523,40.910
06_gcd_sum,c,5,1783701998191866334,1783701998228887985,37.022
06_gcd_sum,c,6,1783701998228892166,1783701998270886676,41.995
06_gcd_sum,c,7,1783701998270890584,1783701998305140314,34.250
06_gcd_sum,c,8,1783701998305144893,1783701998341168372,36.023
06_gcd_sum,c,9,1783701998341173712,1783701998374627298,33.454
06_gcd_sum,c,10,1783701998374631610,1783701998418474795,43.843
06_gcd_sum,cpp,1,1783701998467255832,1783701998506972707,39.717
06_gcd_sum,cpp,2,1783701998506976326,1783701998547667429,40.691
06_gcd_sum,cpp,3,1783701998547671756,1783701998592886980,45.215
06_gcd_sum,cpp,4,1783701998592890915,1783701998634677151,41.786
06_gcd_sum,cpp,5,1783701998634685349,1783701998679131858,44.447
06_gcd_sum,cpp,6,1783701998679136063,1783701998721628027,42.492
06_gcd_sum,cpp,7,1783701998721633302,1783701998763355262,41.722
06_gcd_sum,cpp,8,1783701998763360079,1783701998806483874,43.124
06_gcd_sum,cpp,9,1783701998806488575,1783701998846523714,40.035
06_gcd_sum,cpp,10,1783701998846527877,1783701998885099641,38.572
06_gcd_sum,salam_llvm,1,1783701998913278170,1783701998949368453,36.090
06_gcd_sum,salam_llvm,2,1783701998949372729,1783701999000992594,51.620
06_gcd_sum,salam_llvm,3,1783701999000996407,1783701999054553642,53.557
06_gcd_sum,salam_llvm,4,1783701999054558012,1783701999098527974,43.970
06_gcd_sum,salam_llvm,5,1783701999098532164,1783701999153808762,55.277
06_gcd_sum,salam_llvm,6,1783701999153813097,1783701999207587643,53.775
06_gcd_sum,salam_llvm,7,1783701999207592388,1783701999272362530,64.770
06_gcd_sum,salam_llvm,8,1783701999272367847,1783701999329327038,56.959
06_gcd_sum,salam_llvm,9,1783701999329331198,1783701999369391023,40.060
06_gcd_sum,salam_llvm,10,1783701999369394860,1783701999430773652,61.379
06_gcd_sum,salam_gcc,1,1783701999524949930,1783701999598945466,73.996
06_gcd_sum,salam_gcc,2,1783701999598950168,1783701999671580960,72.631
06_gcd_sum,salam_gcc,3,1783701999671585485,1783701999744848813,73.263
06_gcd_sum,salam_gcc,4,1783701999744852904,1783701999818425697,73.573
06_gcd_sum,salam_gcc,5,1783701999818432938,1783701999901364603,82.932
06_gcd_sum,salam_gcc,6,1783701999901372029,1783701999963047201,61.675
06_gcd_sum,salam_gcc,7,1783701999963052015,1783702000035118709,72.067
06_gcd_sum,salam_gcc,8,1783702000035122817,1783702000084217097,49.094
06_gcd_sum,salam_gcc,9,1783702000084221468,1783702000145197788,60.976
06_gcd_sum,salam_gcc,10,1783702000145202738,1783702000220756434,75.554
06_gcd_sum,salam_tcc,1,1783702000307181102,1783702000394276714,87.096
06_gcd_sum,salam_tcc,2,1783702000394280903,1783702000482585685,88.305
06_gcd_sum,salam_tcc,3,1783702000482590164,1783702000570139366,87.549
06_gcd_sum,salam_tcc,4,1783702000570144428,1783702000658643590,88.499
06_gcd_sum,salam_tcc,5,1783702000658649802,1783702000746939816,88.290
06_gcd_sum,salam_tcc,6,1783702000746945748,1783702000835753311,88.808
06_gcd_sum,salam_tcc,7,1783702000835760219,1783702000944098307,108.338
06_gcd_sum,salam_tcc,8,1783702000944102927,1783702001032179089,88.076
06_gcd_sum,salam_tcc,9,1783702001032184117,1783702001123161404,90.977
06_gcd_sum,salam_tcc,10,1783702001123166348,1783702001211468392,88.302
06_gcd_sum,php,1,1783702001415776311,1783702001581922952,166.147
06_gcd_sum,php,2,1783702001581927604,1783702001749196989,167.269
06_gcd_sum,php,3,1783702001749201661,1783702001892209453,143.008
06_gcd_sum,php,4,1783702001892214048,1783702002092939659,200.726
06_gcd_sum,php,5,1783702002092944095,1783702002324097470,231.153
06_gcd_sum,php,6,1783702002324102640,1783702002469150331,145.048
06_gcd_sum,php,7,1783702002469154777,1783702002597205296,128.051
06_gcd_sum,php,8,1783702002597209902,1783702002732128507,134.919
06_gcd_sum,php,9,1783702002732132919,1783702002873257341,141.124
06_gcd_sum,php,10,1783702002873262528,1783702003024848094,151.586
06_gcd_sum,python,1,1783702003423183964,1783702003962971049,539.787
06_gcd_sum,python,2,1783702003962976791,1783702004442739392,479.763
06_gcd_sum,python,3,1783702004442743880,1783702004898131551,455.388
06_gcd_sum,python,4,1783702004898136200,1783702005368276155,470.140
06_gcd_sum,python,5,1783702005368280633,1783702006058630772,690.350
06_gcd_sum,python,6,1783702006058636370,1783702006726249124,667.613
06_gcd_sum,python,7,1783702006726253861,1783702007328745592,602.492
06_gcd_sum,python,8,1783702007328750200,1783702007808036623,479.286
06_gcd_sum,python,9,1783702007808041108,1783702008143762750,335.722
06_gcd_sum,python,10,1783702008143768399,1783702008549546705,405.778
07_pow_mod,c,1,1783702030657500476,1783702030669600289,12.100
07_pow_mod,c,2,1783702030669605120,1783702030672989948,3.385
07_pow_mod,c,3,1783702030672994232,1783702030676681905,3.688
07_pow_mod,c,4,1783702030676685601,1783702030680458038,3.772
07_pow_mod,c,5,1783702030680465043,1783702030686656833,6.192
07_pow_mod,c,6,1783702030686661904,1783702030690133880,3.472
07_pow_mod,c,7,1783702030690138231,1783702030693870733,3.733
07_pow_mod,c,8,1783702030693876049,1783702030719535982,25.660
07_pow_mod,c,9,1783702030719540607,1783702030722801056,3.260
07_pow_mod,c,10,1783702030722806262,1783702030726121000,3.315
07_pow_mod,cpp,1,1783702030730621366,1783702030744052867,13.432
07_pow_mod,cpp,2,1783702030744057240,1783702030748343300,4.286
07_pow_mod,cpp,3,1783702030748347858,1783702030752744713,4.397
07_pow_mod,cpp,4,1783702030752749270,1783702030757525363,4.776
07_pow_mod,cpp,5,1783702030757529739,1783702030761926950,4.397
07_pow_mod,cpp,6,1783702030761932003,1783702030766508213,4.576
07_pow_mod,cpp,7,1783702030766513491,1783702030775703357,9.190
07_pow_mod,cpp,8,1783702030775708205,1783702030781144322,5.436
07_pow_mod,cpp,9,1783702030781149162,1783702030785927113,4.778
07_pow_mod,cpp,10,1783702030785932049,1783702030790936622,5.005
07_pow_mod,salam_llvm,1,1783702030794868971,1783702030798685358,3.816
07_pow_mod,salam_llvm,2,1783702030798690098,1783702030802119067,3.429
07_pow_mod,salam_llvm,3,1783702030802123516,1783702030813244137,11.121
07_pow_mod,salam_llvm,4,1783702030813248246,1783702030822151727,8.903
07_pow_mod,salam_llvm,5,1783702030822155857,1783702030828443921,6.288
07_pow_mod,salam_llvm,6,1783702030828449247,1783702030832269372,3.820
07_pow_mod,salam_llvm,7,1783702030832273550,1783702030836009748,3.736
07_pow_mod,salam_llvm,8,1783702030836014516,1783702030839354128,3.340
07_pow_mod,salam_llvm,9,1783702030839358311,1783702030842639808,3.281
07_pow_mod,salam_llvm,10,1783702030842645187,1783702030846253136,3.608
07_pow_mod,salam_gcc,1,1783702030850006259,1783702030853460045,3.454
07_pow_mod,salam_gcc,2,1783702030853464604,1783702030858743384,5.279
07_pow_mod,salam_gcc,3,1783702030858747760,1783702030862646476,3.899
07_pow_mod,salam_gcc,4,1783702030862650749,1783702030868886886,6.236
07_pow_mod,salam_gcc,5,1783702030868890838,1783702030873479619,4.589
07_pow_mod,salam_gcc,6,1783702030873483254,1783702030877951337,4.468
07_pow_mod,salam_gcc,7,1783702030877956129,1783702030881287935,3.332
07_pow_mod,salam_gcc,8,1783702030881293193,1783702030884764259,3.471
07_pow_mod,salam_gcc,9,1783702030884768496,1783702030888150210,3.382
07_pow_mod,salam_gcc,10,1783702030888154748,1783702030891434818,3.280
07_pow_mod,salam_tcc,1,1783702030902247753,1783702030919632418,17.385
07_pow_mod,salam_tcc,2,1783702030919637152,1783702030933781000,14.144
07_pow_mod,salam_tcc,3,1783702030933786066,1783702030944610808,10.825
07_pow_mod,salam_tcc,4,1783702030944615458,1783702030957903589,13.288
07_pow_mod,salam_tcc,5,1783702030957944240,1783702030971521703,13.577
07_pow_mod,salam_tcc,6,1783702030971525750,1783702030983200592,11.675
07_pow_mod,salam_tcc,7,1783702030983204560,1783702030994714783,11.510
07_pow_mod,salam_tcc,8,1783702030994718657,1783702031007501193,12.783
07_pow_mod,salam_tcc,9,1783702031007506684,1783702031018010938,10.504
07_pow_mod,salam_tcc,10,1783702031018014870,1783702031028007550,9.993
07_pow_mod,php,1,1783702031072320558,1783702031117299084,44.979
07_pow_mod,php,2,1783702031117303316,1783702031179349603,62.046
07_pow_mod,php,3,1783702031179354319,1783702031234639873,55.286
07_pow_mod,php,4,1783702031234644581,1783702031284748538,50.104
07_pow_mod,php,5,1783702031284957114,1783702031330889017,45.932
07_pow_mod,php,6,1783702031330893721,1783702031388753528,57.860
07_pow_mod,php,7,1783702031388757770,1783702031443849328,55.092
07_pow_mod,php,8,1783702031443853690,1783702031499889040,56.035
07_pow_mod,php,9,1783702031499893512,1783702031574045000,74.151
07_pow_mod,php,10,1783702031574049714,1783702031626593442,52.544
07_pow_mod,python,1,1783702031824478404,1783702031992540637,168.062
07_pow_mod,python,2,1783702031992546054,1783702032217259437,224.713
07_pow_mod,python,3,1783702032217264592,1783702032408272184,191.008
07_pow_mod,python,4,1783702032408277420,1783702032702779596,294.502
07_pow_mod,python,5,1783702032702784655,1783702033010360886,307.576
07_pow_mod,python,6,1783702033010365851,1783702033276806475,266.441
07_pow_mod,python,7,1783702033276811919,1783702033448221223,171.409
07_pow_mod,python,8,1783702033448225913,1783702033628674897,180.449
07_pow_mod,python,9,1783702033628679710,1783702033834271694,205.592
07_pow_mod,python,10,1783702033834302481,1783702034001074140,166.772
08_digit_sum,c,1,1783702050471699378,1783702050483914725,12.215
08_digit_sum,c,2,1783702050483918972,1783702050492301737,8.383
08_digit_sum,c,3,1783702050492306715,1783702050505631577,13.325
08_digit_sum,c,4,1783702050505637696,1783702050513020940,7.383
08_digit_sum,c,5,1783702050513024975,1783702050528422085,15.397
08_digit_sum,c,6,1783702050528428372,1783702050535563938,7.136
08_digit_sum,c,7,1783702050535568640,1783702050549850555,14.282
08_digit_sum,c,8,1783702050549855315,1783702050565824982,15.970
08_digit_sum,c,9,1783702050565829633,1783702050581993155,16.164
08_digit_sum,c,10,1783702050581997429,1783702050589603549,7.606
08_digit_sum,cpp,1,1783702050599482631,1783702050608300578,8.818
08_digit_sum,cpp,2,1783702050608304781,1783702050625863465,17.559
08_digit_sum,cpp,3,1783702050625867939,1783702050633884999,8.017
08_digit_sum,cpp,4,1783702050633889121,1783702050642021083,8.132
08_digit_sum,cpp,5,1783702050642025576,1783702050659395296,17.370
08_digit_sum,cpp,6,1783702050659399676,1783702050667865956,8.466
08_digit_sum,cpp,7,1783702050667872013,1783702050686215685,18.344
08_digit_sum,cpp,8,1783702050686220401,1783702050694747893,8.527
08_digit_sum,cpp,9,1783702050694752701,1783702050704033868,9.281
08_digit_sum,cpp,10,1783702050704038983,1783702050721202691,17.164
08_digit_sum,salam_llvm,1,1783702050739124665,1783702050757745749,18.621
08_digit_sum,salam_llvm,2,1783702050757750629,1783702050766511261,8.761
08_digit_sum,salam_llvm,3,1783702050766516068,1783702050777174539,10.658
08_digit_sum,salam_llvm,4,1783702050777178977,1783702050795357613,18.179
08_digit_sum,salam_llvm,5,1783702050795363257,1783702050806211299,10.848
08_digit_sum,salam_llvm,6,1783702050806216024,1783702050814367028,8.151
08_digit_sum,salam_llvm,7,1783702050814406694,1783702050822983329,8.577
08_digit_sum,salam_llvm,8,1783702050822988053,1783702050831680809,8.693
08_digit_sum,salam_llvm,9,1783702050831686512,1783702050839994679,8.308
08_digit_sum,salam_llvm,10,1783702050839999879,1783702050848261139,8.261
08_digit_sum,salam_gcc,1,1783702050864205187,1783702050871138947,6.934
08_digit_sum,salam_gcc,2,1783702050871143626,1783702050880175213,9.032
08_digit_sum,salam_gcc,3,1783702050880180666,1783702050919483047,39.302
08_digit_sum,salam_gcc,4,1783702050919487244,1783702050930199554,10.712
08_digit_sum,salam_gcc,5,1783702050930203617,1783702050937301237,7.098
08_digit_sum,salam_gcc,6,1783702050937307305,1783702050946495143,9.188
08_digit_sum,salam_gcc,7,1783702050946498916,1783702050953471899,6.973
08_digit_sum,salam_gcc,8,1783702050953476402,1783702050969799319,16.323
08_digit_sum,salam_gcc,9,1783702050969803411,1783702050986034960,16.232
08_digit_sum,salam_gcc,10,1783702050986040199,1783702050993410060,7.370
08_digit_sum,salam_tcc,1,1783702051042768995,1783702051080695184,37.926
08_digit_sum,salam_tcc,2,1783702051080699366,1783702051118579430,37.880
08_digit_sum,salam_tcc,3,1783702051118583476,1783702051149319894,30.736
08_digit_sum,salam_tcc,4,1783702051149324387,1783702051183990926,34.667
08_digit_sum,salam_tcc,5,1783702051183996746,1783702051216880768,32.884
08_digit_sum,salam_tcc,6,1783702051216884951,1783702051250523310,33.638
08_digit_sum,salam_tcc,7,1783702051250527680,1783702051280016984,29.489
08_digit_sum,salam_tcc,8,1783702051280021869,1783702051313326200,33.304
08_digit_sum,salam_tcc,9,1783702051313330271,1783702051341798264,28.468
08_digit_sum,salam_tcc,10,1783702051341803051,1783702051373996814,32.194
08_digit_sum,php,1,1783702051495201688,1783702051612059677,116.858
08_digit_sum,php,2,1783702051612063963,1783702051735878235,123.814
08_digit_sum,php,3,1783702051735882702,1783702051850374364,114.492
08_digit_sum,php,4,1783702051850378663,1783702051965534684,115.156
08_digit_sum,php,5,1783702051965538798,1783702052081807801,116.269
08_digit_sum,php,6,1783702052081812121,1783702052202095157,120.283
08_digit_sum,php,7,1783702052202100783,1783702052336465442,134.365
08_digit_sum,php,8,1783702052336469520,1783702052471995013,135.525
08_digit_sum,php,9,1783702052471999427,1783702052596619638,124.620
08_digit_sum,php,10,1783702052596624585,1783702052712817592,116.193
08_digit_sum,python,1,1783702053568493628,1783702054373242165,804.749
08_digit_sum,python,2,1783702054373250469,1783702055230934775,857.684
08_digit_sum,python,3,1783702055230939692,1783702056579599943,1348.660
08_digit_sum,python,4,1783702056579605297,1783702057796209806,1216.605
08_digit_sum,python,5,1783702057796215048,1783702059164406276,1368.191
08_digit_sum,python,6,1783702059164412781,1783702060476795772,1312.383
08_digit_sum,python,7,1783702060476803568,1783702061903807023,1427.003
08_digit_sum,python,8,1783702061903812163,1783702062918327810,1014.516
08_digit_sum,python,9,1783702062918332973,1783702063917019802,998.687
08_digit_sum,python,10,1783702063917024799,1783702064933127860,1016.103
09_perfect_numbers,c,1,1783702078384670669,1783702078408205502,23.535
09_perfect_numbers,c,2,1783702078408209557,1783702078429513345,21.304
09_perfect_numbers,c,3,1783702078429517578,1783702078446161577,16.644
09_perfect_numbers,c,4,1783702078446165087,1783702078466030388,19.865
09_perfect_numbers,c,5,1783702078466034228,1783702078485821082,19.787
09_perfect_numbers,c,6,1783702078485824993,1783702078502089481,16.264
09_perfect_numbers,c,7,1783702078502093643,1783702078525557487,23.464
09_perfect_numbers,c,8,1783702078525561213,1783702078562047638,36.486
09_perfect_numbers,c,9,1783702078562051854,1783702078589571974,27.520
09_perfect_numbers,c,10,1783702078589576153,1783702078617364875,27.789
09_perfect_numbers,cpp,1,1783702078640951767,1783702078663267198,22.315
09_perfect_numbers,cpp,2,1783702078663271884,1783702078688493611,25.222
09_perfect_numbers,cpp,3,1783702078688498198,1783702078715682506,27.184
09_perfect_numbers,cpp,4,1783702078715686371,1783702078740087031,24.401
09_perfect_numbers,cpp,5,1783702078740091578,1783702078764937625,24.846
09_perfect_numbers,cpp,6,1783702078764941774,1783702078799921814,34.980
09_perfect_numbers,cpp,7,1783702078799926090,1783702078824602371,24.676
09_perfect_numbers,cpp,8,1783702078824606447,1783702078847802408,23.196
09_perfect_numbers,cpp,9,1783702078847806849,1783702078861600954,13.794
09_perfect_numbers,cpp,10,1783702078861605117,1783702078879754380,18.149
09_perfect_numbers,salam_llvm,1,1783702078895184933,1783702078913673352,18.488
09_perfect_numbers,salam_llvm,2,1783702078913677071,1783702078926395310,12.718
09_perfect_numbers,salam_llvm,3,1783702078926400000,1783702078944372077,17.972
09_perfect_numbers,salam_llvm,4,1783702078944378559,1783702078963282459,18.904
09_perfect_numbers,salam_llvm,5,1783702078963288027,1783702078985463839,22.176
09_perfect_numbers,salam_llvm,6,1783702078985470640,1783702079010341174,24.871
09_perfect_numbers,salam_llvm,7,1783702079010537275,1783702079036588341,26.051
09_perfect_numbers,salam_llvm,8,1783702079036606158,1783702079056378304,19.772
09_perfect_numbers,salam_llvm,9,1783702079056383874,1783702079081006667,24.623
09_perfect_numbers,salam_llvm,10,1783702079081012115,1783702079101119631,20.108
09_perfect_numbers,salam_gcc,1,1783702079137236189,1783702079174672614,37.436
09_perfect_numbers,salam_gcc,2,1783702079174679171,1783702079216252359,41.573
09_perfect_numbers,salam_gcc,3,1783702079216258964,1783702079256857147,40.598
09_perfect_numbers,salam_gcc,4,1783702079256864292,1783702079292764352,35.900
09_perfect_numbers,salam_gcc,5,1783702079292771121,1783702079344968024,52.197
09_perfect_numbers,salam_gcc,6,1783702079344973788,1783702079372732152,27.758
09_perfect_numbers,salam_gcc,7,1783702079372737108,1783702079399151520,26.414
09_perfect_numbers,salam_gcc,8,1783702079399155878,1783702079416696953,17.541
09_perfect_numbers,salam_gcc,9,1783702079416701010,1783702079433641230,16.940
09_perfect_numbers,salam_gcc,10,1783702079433645368,1783702079449077258,15.432
09_perfect_numbers,salam_tcc,1,1783702079470604806,1783702079495425794,24.821
09_perfect_numbers,salam_tcc,2,1783702079495430747,1783702079534024915,38.594
09_perfect_numbers,salam_tcc,3,1783702079534032207,1783702079571608183,37.576
09_perfect_numbers,salam_tcc,4,1783702079571614236,1783702079607187320,35.573
09_perfect_numbers,salam_tcc,5,1783702079607191564,1783702079629179816,21.988
09_perfect_numbers,salam_tcc,6,1783702079629184089,1783702079647953538,18.769
09_perfect_numbers,salam_tcc,7,1783702079647957256,1783702079664890806,16.934
09_perfect_numbers,salam_tcc,8,1783702079664895526,1783702079681256096,16.361
09_perfect_numbers,salam_tcc,9,1783702079681261355,1783702079697619103,16.358
09_perfect_numbers,salam_tcc,10,1783702079697622690,1783702079719413841,21.791
09_perfect_numbers,php,1,1783702079792679905,1783702079943030289,150.350
09_perfect_numbers,php,2,1783702079943034484,1783702080077144832,134.110
09_perfect_numbers,php,3,1783702080077149139,1783702080212315707,135.167
09_perfect_numbers,php,4,1783702080212320744,1783702080348680106,136.359
09_perfect_numbers,php,5,1783702080348684582,1783702080511878760,163.194
09_perfect_numbers,php,6,1783702080511886198,1783702080661381837,149.496
09_perfect_numbers,php,7,1783702080661386522,1783702080812881974,151.495
09_perfect_numbers,php,8,1783702080812890490,1783702080904738977,91.848
09_perfect_numbers,php,9,1783702080904742555,1783702080982643391,77.901
09_perfect_numbers,php,10,1783702080982648301,1783702081090970651,108.322
09_perfect_numbers,python,1,1783702082159830130,1783702083191864026,1032.034
09_perfect_numbers,python,2,1783702083191867389,1783702084512229881,1320.362
09_perfect_numbers,python,3,1783702084512237594,1783702085589105105,1076.868
09_perfect_numbers,python,4,1783702085589109889,1783702086750578566,1161.469
09_perfect_numbers,python,5,1783702086750583392,1783702087750367245,999.784
09_perfect_numbers,python,6,1783702087750371776,1783702088879368484,1128.997
09_perfect_numbers,python,7,1783702088879373481,1783702090282257793,1402.884
09_perfect_numbers,python,8,1783702090282264587,1783702091933886784,1651.622
09_perfect_numbers,python,9,1783702091933892433,1783702093404854969,1470.963
09_perfect_numbers,python,10,1783702093404859564,1783702094750872411,1346.013
10_pi_leibniz,c,1,1783702117749858672,1783702117756942423,7.084
10_pi_leibniz,c,2,1783702117762268450,1783702117772380351,10.112
10_pi_leibniz,c,3,1783702117772385314,1783702117779237637,6.852
10_pi_leibniz,c,4,1783702117779241204,1783702117787785882,8.545
10_pi_leibniz,c,5,1783702117787790252,1783702117794785151,6.995
10_pi_leibniz,c,6,1783702117794788782,1783702117803644450,8.856
10_pi_leibniz,c,7,1783702117803648554,1783702117810673333,7.025
10_pi_leibniz,c,8,1783702117810677498,1783702117819535621,8.858
10_pi_leibniz,c,9,1783702117819539432,1783702117829756411,10.217
10_pi_leibniz,c,10,1783702117829763017,1783702117845401408,15.638
10_pi_leibniz,cpp,1,1783702117858295495,1783702117875083023,16.788
10_pi_leibniz,cpp,2,1783702117875087198,1783702117891422526,16.335
10_pi_leibniz,cpp,3,1783702117891426955,1783702117899542858,8.116
10_pi_leibniz,cpp,4,1783702117899546535,1783702117906777926,7.231
10_pi_leibniz,cpp,5,1783702117906783115,1783702117931160214,24.377
10_pi_leibniz,cpp,6,1783702117931164339,1783702117939011514,7.847
10_pi_leibniz,cpp,7,1783702117939015886,1783702117946787458,7.772
10_pi_leibniz,cpp,8,1783702117946791417,1783702117954606699,7.815
10_pi_leibniz,cpp,9,1783702117954610617,1783702117962993468,8.383
10_pi_leibniz,cpp,10,1783702117962998612,1783702117979335667,16.337
10_pi_leibniz,salam_llvm,1,1783702117995882649,1783702118014387907,18.505
10_pi_leibniz,salam_llvm,2,1783702118014393139,1783702118031387742,16.995
10_pi_leibniz,salam_llvm,3,1783702118031392640,1783702118047790058,16.397
10_pi_leibniz,salam_llvm,4,1783702118047793422,1783702118064531128,16.738
10_pi_leibniz,salam_llvm,5,1783702118064534935,1783702118081776652,17.242
10_pi_leibniz,salam_llvm,6,1783702118081781007,1783702118090757848,8.977
10_pi_leibniz,salam_llvm,7,1783702118090762337,1783702118098879858,8.118
10_pi_leibniz,salam_llvm,8,1783702118098935913,1783702118107050420,8.115
10_pi_leibniz,salam_llvm,9,1783702118107054954,1783702118117416590,10.362
10_pi_leibniz,salam_llvm,10,1783702118117421077,1783702118125629386,8.208
10_pi_leibniz,salam_gcc,1,1783702118139600687,1783702118161307841,21.707
10_pi_leibniz,salam_gcc,2,1783702118161311991,1783702118168815814,7.504
10_pi_leibniz,salam_gcc,3,1783702118168820206,1783702118178873594,10.053
10_pi_leibniz,salam_gcc,4,1783702118178878100,1783702118185909187,7.031
10_pi_leibniz,salam_gcc,5,1783702118185914019,1783702118203673526,17.760
10_pi_leibniz,salam_gcc,6,1783702118203679745,1783702118212524900,8.845
10_pi_leibniz,salam_gcc,7,1783702118212529325,1783702118219398995,6.870
10_pi_leibniz,salam_gcc,8,1783702118219403349,1783702118227149566,7.746
10_pi_leibniz,salam_gcc,9,1783702118227153505,1783702118236522682,9.369
10_pi_leibniz,salam_gcc,10,1783702118236528185,1783702118243820461,7.292
10_pi_leibniz,salam_tcc,1,1783702118268606674,1783702118287698216,19.092
10_pi_leibniz,salam_tcc,2,1783702118287702111,1783702118302535026,14.833
10_pi_leibniz,salam_tcc,3,1783702118302541401,1783702118317218917,14.678
10_pi_leibniz,salam_tcc,4,1783702118317222418,1783702118335135959,17.914
10_pi_leibniz,salam_tcc,5,1783702118335140263,1783702118358417923,23.278
10_pi_leibniz,salam_tcc,6,1783702118358423162,1783702118375135812,16.713
10_pi_leibniz,salam_tcc,7,1783702118375139744,1783702118393414654,18.275
10_pi_leibniz,salam_tcc,8,1783702118393420505,1783702118409282579,15.862
10_pi_leibniz,salam_tcc,9,1783702118409287012,1783702118434438388,25.151
10_pi_leibniz,salam_tcc,10,1783702118434444339,1783702118453244167,18.800
10_pi_leibniz,php,1,1783702118640213115,1783702118823809609,183.596
10_pi_leibniz,php,2,1783702118823814147,1783702118955378067,131.564
10_pi_leibniz,php,3,1783702118955383116,1783702119197864678,242.482
10_pi_leibniz,php,4,1783702119197869533,1783702119319009155,121.140
10_pi_leibniz,php,5,1783702119319013818,1783702119446501399,127.488
10_pi_leibniz,php,6,1783702119446505583,1783702119558655587,112.150
10_pi_leibniz,php,7,1783702119558659207,1783702119720312705,161.653
10_pi_leibniz,php,8,1783702119720361521,1783702119877072384,156.711
10_pi_leibniz,php,9,1783702119877078157,1783702119990026153,112.948
10_pi_leibniz,php,10,1783702119990030486,1783702120108642966,118.612
10_pi_leibniz,python,1,1783702121508798494,1783702122519885081,1011.087
10_pi_leibniz,python,2,1783702122519888910,1783702123193113840,673.225
10_pi_leibniz,python,3,1783702123193117419,1783702124051060930,857.944
10_pi_leibniz,python,4,1783702124051065146,1783702124970248340,919.183
10_pi_leibniz,python,5,1783702124970254700,1783702126235062663,1264.808
10_pi_leibniz,python,6,1783702126235068976,1783702126938810766,703.742
10_pi_leibniz,python,7,1783702126938815260,1783702127568216536,629.401
10_pi_leibniz,python,8,1783702127568220375,1783702128424959985,856.740
10_pi_leibniz,python,9,1783702128424963781,1783702129069402705,644.439
10_pi_leibniz,python,10,1783702129069406898,1783702129862402890,792.996
