hello	app	Hello	سلام
fizzbuzz	app	FizzBuzz	فیزباز
factorial	app	Factorial	فاکتوریل
fibonacci	app	Fibonacci	فیبوناچی
primes	app	Primes	اعداد اول
gcd	app	GCD	ب.م.م
bubblesort	app	Bubble sort	مرتب‌سازی حبابی
reverse	app	Reverse string	وارونه‌سازی رشته
rectangle	app	Struct: Rectangle	ساختار: مستطیل
wordcount	app	Word count (HashMap)	شمارش کلمات
temperature	app	Temperature	تبدیل دما
layout	layout	Web page	صفحه‌ی وب
collatz	app	Collatz	دنباله‌ی کولاتز
lcm	app	LCM	ک.م.م
leap_year	app	Leap year	سال کبیسه
palindrome	app	Palindrome number	عدد متقارن
digit_sum	app	Digit sum	جمع ارقام
minmax	app	Min & max	کمینه و بیشینه
average	app	Average	میانگین
count_vowels	app	Count vowels	شمارش مصوت‌ها
star_triangle	app	Star triangle	مثلث ستاره
multiplication_table	app	Times table	جدول ضرب
dec_to_bin	app	Decimal to binary	تبدیل به دودویی
prime_factors	app	Prime factors	عوامل اول
power_iter	app	Integer power	توان صحیح
bank_account	app	Bank account	حساب بانکی
stack	app	Stack	پشته
weekday	app	Weekdays (enum)	روزهای هفته
counter_closure	app	Counter closure	بستار شمارنده
acronym	app	Acronym	سرنام
sqrt_newton	app	Newton sqrt	جذر نیوتن
range_sum	app	Range sum	مجموع بازه
